"ID","INCOME","APPLIEDONLINE","RESIDENCE","YRS_AT_CURRENT_ADDRESS","YRS_WITH_CURRENT_EMPLOYER","NUMBER_OF_CARDS","CREDITCARD_DEBT","LOANS","LOAN_AMOUNT","NAME","STREET_ADDRESS","CITY","STATE","STATE_CODE","ZIP_CODE","EMAIL_ADDRESS","PHONE_NUMBER","GENDER","SOCIAL_SECURITY_NUMBER","EDUCATION","EMPLOYMENT_STATUS","MARITAL_STATUS"
"100272","43593","NO","Owner Occupier","13","0","1","2315","0","12820","Ede Peacham","1711 North Victory Place","Burbank","California","CA","91502","epeachampo@de.vu","786-657-5864","Female","358-73-4528","College","Employed","Divorced"
"100306","43650","NO","Public Housing","8","12","1","267","0","7800","Penny Boij","110  West Lincoln Avenue","Anaheim","California","CA","92805","pboije9@posterous.com","716-106-8392","Male","451-81-7603","High School or Below","Unemployed","Married"
"100377","51945","YES","Public Housing","19","0","1","25","1","7480","Abramo Everiss","2221 Palo Verde Ave","Long Beach","California","CA","90815","aeverisspe@joomla.org","804-515-0809","Male","310-59-5618","College","Employed","Married"
"100388","48511","YES","Owner Occupier","21","25","1","793","0","9550","Kaine Waggatt","10965 Ventura Blvd","Studio City","California","CA","91604","kwaggattdu@typepad.com","915-586-6081","Male","107-80-3499","Doctor","Employed","Single"
"100415","53791","NO","Owner Occupier","1","15","1","1844","1","11855","Caritta Whether","1 Adobe Court","Sacramento","California","CA","95821","cwhether0@exblog.jp","619-218-8050","Female","855-52-6124","Bachelor","Employed","Married"
"100442","44271","NO","Private Renting","17","20","1","284","1","6185","Galven Lutwyche","2 Camino Sobrante","Orinda","California","CA","94563","glutwycheas@archive.org","601-837-1811","Male","693-13-5802","Bachelor","Employed","Single"
"100451","46949","NO","Public Housing","0","2","2","1634","1","9720","Shauna Ollivier","20355 Yorba Linda Blvd","Yorba Linda","California","CA","92886","sollivierg3@seattletimes.com","713-961-7708","Female","422-86-6888","Bachelor","Employed","Married"
"100453","45869","NO","Private Renting","21","8","2","71","1","9240","Othilia Vincent","22555 Mission Blvd","Hayward","California","CA","94541","ovincentqy@weibo.com","520-774-2490","Female","437-82-5477","Doctor","Employed","Married"
"100473","43750","YES","Private Renting","13","6","1","988","1","7060","Mal Offer","1663 Branham Ln","San Jose","California","CA","95118","moffermt@odnoklassniki.ru","510-341-0904","Male","270-91-6841","College","Employed","Married"
"100477","43761","YES","Owner Occupier","10","6","1","1418","0","11245","Rachel Brooks","208 Sepulveda Blvd.","Carson","California","CA","90749","rachelb@intel.com","540-903-5171","Female","404-89-9135","Bachelor","Employed","Married"
"100507","43633","NO","Public Housing","14","16","1","6100","0","7330","Elinor Armatage","21181 Newport Coast Dr","Newport","California","CA","92657","earmatagekm@storify.com","805-204-2450","Female","791-45-8045","College","Medical Leave","Single"
"100512","45621","NO","Owner Occupier","1","19","1","1878","0","9260","Kurtis Lergan","205 N. McDowell","Petaluma","California","CA","94954","klergangs@list-manage.com","561-154-9498","Male","614-93-5357","Bachelor","Medical Leave","Married"
"100516","45849","YES","Living with parents/guardian","13","9","2","364","1","12210","Brynne Jurgensen","22435 Ventura Blvd","Woodland Hills","California","CA","91367","bjurgensenq7@csmonitor.com","503-409-3665","Female","412-27-1908","Master","Disabled","Divorced"
"100521","44394","YES","Owner Occupier","20","17","1","2041","0","10100","Ahmad Nobriga","10831 Foothill Blvd.","Rancho Cucamonga","California","CA","91730","anobrigacz@51.la","203-873-9558","Male","345-83-3487","Bachelor","Unemployed","Single"
"100529","50075","NO","Private Renting","4","18","2","3768","0","6095","Esma Baggally","16470 Pacific Coast Hwy","Huntington Beach","California","CA","92649","ebaggallylq@dedecms.com","402-804-7589","Female","379-76-3653","Bachelor","Medical Leave","Divorced"
"100530","43303","NO","Owner Occupier","2","7","2","866","1","10220","Wilie Harman","1574 South Bascom Ave","San Jose","California","CA","95125","wharmangw@ucoz.com","724-213-7226","Female","477-05-7132","Master","Unemployed","Married"
"100536","45450","NO","Owner Occupier","15","24","1","4217","0","8040","Cammy Klaggeman","22815 Victory Blvd.","West Hills","California","CA","91307","cklaggemanrk@hubpages.com","225-758-8541","Male","545-40-8781","High School or Below","Unemployed","Single"
"100600","45537","NO","Private Renting","22","21","2","2698","1","8885","Petronille Ovitz","1030 Rosecrans Avenue","Fullerton","California","CA","92635","povitz8p@biblegateway.com","843-849-8029","Female","860-09-0266","Doctor","Employed","Married"
"100620","44705","NO","Owner Occupier","0","8","1","230","0","5720","Nobe Tremain","2001 McHenry Ave","Modesto","California","CA","95350","ntremaind6@cdc.gov","561-522-3802","Male","584-68-8278","High School or Below","Unemployed","Single"
"100622","49600","NO","Private Renting","5","9","2","3366","1","9065","Agnesse Petruk","1750 Divisadero Street","San Francisco","California","CA","94115","apetruk6@sitemeter.com","806-350-1787","Female","682-34-1252","High School or Below","Employed","Married"
"100628","50199","NO","Private Renting","5","12","1","1230","0","10070","Wes Fleis","1696 Newport Blvd.","Costa Mesa","California","CA","92627","wfleisnx@cdbaby.com","704-854-8780","Male","199-59-6517","Master","Employed","Married"
"100679","45584","YES","Private Renting","2","19","1","1256","0","4150","Madelle Augie","1420 Beaumont Avenue","Beaumont","California","CA","92223","maugie7s@home.pl","603-982-4172","Female","886-82-6564","High School or Below","Unemployed","Single"
"100697","51561","YES","Public Housing","17","5","2","3010","0","16630","Wynnie Dunnett","100 Northstar Dr","Truckee","California","CA","96161","wdunnett2t@apache.org","713-301-3478","Female","161-55-7464","College","Unemployed","Single"
"100705","49485","NO","Private Renting","24","10","1","563","1","4455","Hayley Danaher","1 Camino Sobrante","Orinda","California","CA","94563","hdanaher7@rakuten.co.jp","917-691-1579","Female","138-55-3770","Master","Unemployed","Single"
"100725","57598","NO","Public Housing","25","16","1","2171","1","5140","Wilmette Griffe","101 S Palm Canyon Drive","Palm Springs","California","CA","92262","wgriffe65@state.tx.us","951-701-2026","Female","328-43-8935","Bachelor","Employed","Divorced"
"100763","45452","NO","Owner Occupier","12","24","1","5490","1","10040","Tiffanie Marvel","2024 Freedom Blvd","Freedom","California","CA","95019","tmarvelfl@home.pl","504-627-5315","Female","718-67-9188","College","Employed","Married"
"100789","43151","YES","Private Renting","6","9","1","681","1","7290","Fred Inge","1057 A MacArthur Blvd","San Leandro","California","CA","94577","fingean@sun.com","254-365-0628","Male","291-48-5651","College","Employed","Married"
"100790","44072","NO","Owner Occupier","5","5","1","1250","0","10590","Enrique Isenor","16964 Slover Ave","Fontana","California","CA","92335","eisenornz@usa.gov","267-979-3879","Male","824-89-7373","Doctor","Employed","Single"
"100792","44230","NO","Owner Occupier","9","22","2","3106","0","540","Magnum Reaveley","17245 17th Street","Tustin","California","CA","92780","mreaveleyqb@topsy.com","816-697-8468","Male","696-07-9244","Bachelor","Unemployed","Single"
"100794","53704","NO","Owner Occupier","21","17","2","490","1","2825","Beverlee Consadine","16922 Main Street","Hesperia","California","CA","92345","bconsadinenu@blogtalkradio.com","716-615-3409","Female","672-71-8517","High School or Below","Employed","Married"
"101458","46645","YES","Owner Occupier","19","4","1","884","0","6045","Brannon Whitley","1000 North Bristol St.","Newport Beach","California","CA","92660","bwhitley3v@symantec.com","817-187-2614","Male","498-76-5490","Bachelor","Employed","Single"
"101551","43707","NO","Owner Occupier","8","9","1","1131","0","9365","Prue Keling","21035 Hawthorne Blvd","Torrance","California","CA","90503","pkelingjw@blogtalkradio.com","410-595-4389","Female","731-27-8702","Bachelor","Employed","Married"
"101593","50445","NO","Public Housing","10","8","1","237","1","9310","Minta Bayles","179 Branham Ln","San Jose","California","CA","95136","mbayles1x@upenn.edu","520-541-5993","Female","716-53-6345","College","Employed","Divorced"
"101670","56470","NO","Private Renting","31","15","2","390","0","7055","Nathaniel Lahy","175 N Fairview Ave","Goleta","California","CA","93117","nlahy0@fda.gov","770-227-0863","Male","538-40-0910","Bachelor","Unemployed","Married"
"101672","54777","NO","Public Housing","26","17","2","2814","1","10895","Kania Mannix","10716 Firestone Blvd","Norwalk","California","CA","90650","kmannixc4@europa.eu","570-421-2786","Female","297-89-6867","College","Employed","Divorced"
"101698","58785","YES","Private Renting","31","16","2","1111","0","7415","Roana Feilden","1011 Market Street","San Diego","California","CA","92101","rfeilden6m@livejournal.com","205-438-5578","Female","278-43-6937","College","Unemployed","Single"
"101731","49789","NO","Owner Occupier","2","4","2","44","0","9340","Berky Malyon","101 W. Main Street","Alhambra","California","CA","91801","bmalyon6b@berkeley.edu","719-537-4666","Male","582-53-9446","High School or Below","Employed","Single"
"101764","44787","NO","Owner Occupier","9","4","2","982","0","8175","Loren Boustead","221 Main Street","Huntington Beach","California","CA","92648","lbousteadon@engadget.com","718-715-5877","Female","409-67-9193","Bachelor","Unemployed","Divorced"
"110001","48735","YES","Owner Occupier","12","12","2","1572","1","8489","Leonor Cummerata","6710-Brockton Avenue","Beaumont","California","CA","53632","Leonor.Cummerata@nola.biz","781-757-3537","Male","886-82-6565","High School or Below","Unemployed","Single"
"110009","48741","YES","Living with parents/guardian","12","12","2","1564","1","8470","Delfina Gutkowski","3058-Fairhaven Commons Way","Truckee","California","CA","53397","Delfina.Gutkowski@duane.name","516-872-3154","Male","161-55-7465","College","Unemployed","Single"
"110010","48742","YES","Owner Occupier","12","12","2","1564","1","8468","Jalyn Schiller","6543-William S Canning Blvd","Whittier","California","CA","53368","Jalyn.Schiller@otis.ca","772-924-9739","Male","789-62-0614","High School or Below","Medical Leave","Married"
"110014","48745","YES","Public Housing","12","12","2","1560","1","8458","Emiliano O'Kon","1943-Plymouth Street","Lakewood","California","CA","53250","Emiliano.O'Kon@ines.io","770-697-4836","Male","690-41-9538","High School or Below","Disabled","Married"
"110018","48748","YES","Owner Occupier","12","12","2","1556","1","8449","Raheem Koepp","4107-Jungle Road","Santa Rosa","California","CA","53133","Raheem.Koepp@minerva.ca","770-526-4137","Male","857-36-6855","College","Unemployed","Married"
"110021","48750","YES","Owner Occupier","12","12","2","1553","1","8441","Karl Abshire","1569-Pleasant Valley Street","Long Beach","California","CA","53045","Karl.Abshire@ida.info","434-960-7266","Female","310-59-5619","College","Employed","Married"
"110050","48772","YES","Owner Occupier","12","12","2","1525","1","8372","Antone Davis","1628-5 Brockport Spencerport Rd","San Diego","California","CA","52195","Antone.Davis@murray.biz","713-706-8122","Male","278-43-6938","College","Unemployed","Single"
"110085","48798","YES","Private Renting","12","12","2","1492","1","8289","Shyann Zulauf","5147-E Fairmount Ave","Los Angeles","California","CA","51168","Shyann.Zulauf@kenyatta.biz","813-956-9377","Male","516-92-8816","High School or Below","Unemployed","Married"
"110087","48799","YES","Public Housing","12","12","2","1490","1","8284","Abdullah Dicki","3134-Troy-Schenectady Road","San Jose","California","CA","51110","Abdullah.Dicki@desiree.name","580-334-8564","Female","270-91-6842","College","Employed","Married"
"110096","48806","YES","Owner Occupier","12","12","2","1481","1","8262","Lowell Funk","6266-3 E Main St","Newport Beach","California","CA","50846","Lowell.Funk@connie.net","214-724-4425","Male","498-76-5491","Bachelor","Employed","Single"
"110124","48827","YES","Owner Occupier","12","12","2","1455","1","8195","Daryl Wolff","4170-School Street","Clovis","California","CA","50025","Daryl.Wolff@mathilde.net","541-910-2002","Male","581-09-2654","Master","Unemployed","Single"
"110137","48837","NO","Owner Occupier","12","12","2","1442","1","8164","Norberto McDermott","1222-West Bypass","San Francisco","California","CA","49644","Norberto.McDermott@eusebio.io","479-770-9786","Male","423-33-0175","Bachelor","Employed","Married"
"110139","48838","NO","Private Renting","12","12","2","1440","1","8159","Susanna Flatley","3282-0 No Brindlee Mtn Pkwy","Petaluma","California","CA","49585","Susanna.Flatley@winnifred.org","901-214-8797","Female","614-93-5358","Bachelor","Medical Leave","Married"
"110142","48840","NO","Private Renting","12","12","2","1437","1","8152","Alanna Ortiz","2047-7 South College Street","Aptos","California","CA","49497","Alanna.Ortiz@zion.name","210-877-4637","Female","233-44-0858","College","Employed","Single"
"110146","48843","NO","Private Renting","12","12","2","1433","1","8143","Claudia Beier","1903-0 Montclair Rd","West Hills","California","CA","49380","Claudia.Beier@zakary.com","425-232-6775","Female","545-40-8782","High School or Below","Unemployed","Single"
"110171","48862","NO","Owner Occupier","12","12","2","1410","1","8083","Jamal Hessel","4324-East Meighan Blvd","Vacaville","California","CA","48647","Jamal.Hessel@joey.co.uk","806-721-3054","Female","799-48-1068","College","Unemployed","Single"
"110207","48889","NO","Owner Occupier","12","12","2","1375","1","7997","Marion Wisoky","4861-West Avalon Ave","Anaheim","California","CA","47591","Marion.Wisoky@hosea.ca","817-435-6821","Female","451-81-7604","High School or Below","Unemployed","Married"
"110250","48921","NO","Private Renting","12","12","2","1334","1","7894","Evangeline Bartell","279-Washington Street","Encino","California","CA","46330","Evangeline.Bartell@stone.info","407-481-8043","Female","586-24-6397","Bachelor","Unemployed","Married"
"110263","48931","NO","Public Housing","12","12","2","1322","1","7863","Milo Bernhard","3489-East Main St","Norwalk","California","CA","45949","Milo.Bernhard@rusty.com","806-561-2945","Male","297-89-6868","College","Employed","Divorced"
"110272","48938","NO","Private Renting","12","12","2","1313","1","7842","Prudence Baumbach","5222-Swansea Mall Dr","Anderson","California","CA","45685","Prudence.Baumbach@maria.ca","609-546-3411","Female","677-87-3789","College","Employed","Married"
"110274","48939","NO","Private Renting","12","12","2","1311","1","7837","Rodrigo Mayert","6606-Providence Hwy","Hayward","California","CA","45626","Rodrigo.Mayert@weldon.biz","781-643-8203","Female","437-82-5478","Doctor","Employed","Married"
"110285","48947","NO","Owner Occupier","12","12","2","1301","1","7811","Gino Bruen","5722-9 W Genesse St","Tustin","California","CA","45304","Gino.Bruen@raymundo.com","504-240-7473","Male","696-07-9245","Bachelor","Unemployed","Single"
"110289","48950","NO","Owner Occupier","12","12","2","1297","1","7801","Isai Bergnaum","1966-8 East Ave","Hesperia","California","CA","45186","Isai.Bergnaum@elwin.com","410-872-7032","Male","672-71-8518","High School or Below","Employed","Married"
"110306","48963","NO","Private Renting","12","12","2","1280","1","7760","Lelia Friesen","693-Route 5 20","San Jose","California","CA","44688","Lelia.Friesen@alfred.biz","317-970-1903","Female","716-53-6346","College","Employed","Divorced"
"110351","48997","NO","Public Housing","11","12","2","1237","1","7653","Loma Smitham","2298-Danbury Rd","Palm Springs","California","CA","43368","Loma.Smitham@bo.io","267-492-5909","Female","328-43-8936","Bachelor","Employed","Divorced"
"110353","48998","NO","Private Renting","11","12","2","1236","1","7648","Laurine McGlynn","3051-Boston Post Road","Fullerton","California","CA","43310","Laurine.McGlynn@armand.io","412-929-1257","Male","860-09-0267","Doctor","Employed","Married"
"110355","49000","NO","Owner Occupier","11","12","2","1234","1","7643","Branson Crist","6095-Connecticut Avenue","Tahoe City","California","CA","43251","Branson.Crist@juanita.me","845-512-1137","Male","591-81-1843","High School or Below","Unemployed","Married"
"110360","49003","NO","Public Housing","11","12","2","1229","1","7631","Marie Schaden","6577-Bridgeport Avenue","Healdsburg","California","CA","43104","Marie.Schaden@hermina.com","215-310-4496","Male","637-21-9944","College","Unemployed","Married"
"110408","49039","NO","Owner Occupier","11","12","2","1183","1","7517","Estelle Feil","4933-Willow Lane","Torrance","California","CA","41697","Estelle.Feil@nicklaus.biz","207-596-0490","Male","731-27-8703","Bachelor","Employed","Married"
"110419","49048","NO","Owner Occupier","11","12","2","1172","1","7490","Marcelo Reilly","1130-10 Memorial Pkwy South","San Jose","California","CA","41374","Marcelo.Reilly@royal.biz","920-243-4822","Male","305-41-9186","Bachelor","Employed","Married"
"110420","49048","YES","Owner Occupier","11","12","2","1171","1","7488","Hyman Kozey","3000-0 Sparkman Drive","Beaumont","California","CA","41345","Hyman.Kozey@mariana.me","859-352-3503","Female","886-82-6566","High School or Below","Unemployed","Single"
"110428","49054","YES","Living with parents/guardian","11","12","2","1164","1","7469","Jettie Waters","3698-Kelley Blvd","Truckee","California","CA","41110","Jettie.Waters@kacie.co.uk","253-973-4793","Male","161-55-7466","College","Unemployed","Single"
"110433","49058","YES","Public Housing","11","12","2","1159","1","7457","Chance Adams","5778-5 Rangeline Service Rd","Lakewood","California","CA","40964","Chance.Adams@fatima.me","928-505-4385","Female","690-41-9539","High School or Below","Disabled","Married"
"110437","49061","YES","Owner Occupier","11","12","2","1155","1","7447","Brennan Gusikowski","1471-1 Eastern Blvd","Santa Rosa","California","CA","40846","Brennan.Gusikowski@mozelle.co.uk","917-312-5153","Female","857-36-6856","College","Unemployed","Married"
"110440","49063","YES","Owner Occupier","11","12","2","1152","1","7440","Buck Marquardt","6147-45 Highway 24","Long Beach","California","CA","40758","Buck.Marquardt@alice.me","626-771-6018","Male","310-59-5620","College","Employed","Married"
"110518","49122","YES","Owner Occupier","11","12","2","1078","1","7254","Einar Labadie","1097-5 Brockport Spencerport Rd","Sacramento","California","CA","38471","Einar.Labadie@mike.biz","317-398-0503","Female","708-07-6500","High School or Below","Employed","Married"
"110529","49130","YES","Living with parents/guardian","11","12","2","1067","1","7227","Tabitha Runte","4232-Crooked Hill Road","Los Angeles","California","CA","38148","Tabitha.Runte@tommie.me","212-632-0458","Male","521-13-0322","High School or Below","Employed","Married"
"110543","49140","YES","Owner Occupier","11","12","2","1054","1","7194","Joanny Kuhn","4547-Elm Ridge Center Dr","Clovis","California","CA","37738","Joanny.Kuhn@skylar.net","847-672-1189","Female","581-09-2655","Master","Unemployed","Single"
"110549","49145","YES","Living with parents/guardian","11","12","2","1048","1","7180","Trent Pouros","5421-Fairgrounds Memorial Pkwy","Studio City","California","CA","37562","Trent.Pouros@matteo.biz","732-827-0286","Female","107-80-3501","Doctor","Employed","Single"
"110556","49150","NO","Owner Occupier","11","12","2","1041","1","7163","Alexane Gleason","1888-3 So Transit Road","San Francisco","California","CA","37357","Alexane.Gleason@sam.us","702-664-2153","Male","423-33-0176","Bachelor","Employed","Married"
"110558","49152","NO","Private Renting","11","12","2","1040","1","7158","Maryjane Armstrong","1963-Route 31","Petaluma","California","CA","37298","Maryjane.Armstrong@enrique.name","317-361-8537","Male","614-93-5359","Bachelor","Medical Leave","Married"
"110561","49154","NO","Private Renting","11","12","2","1037","1","7151","Hollis Spinka","4018-Stephenville St","Aptos","California","CA","37210","Hollis.Spinka@santiago.com","304-779-1755","Female","233-44-0859","College","Employed","Single"
"110565","49157","NO","Private Renting","11","12","2","1033","1","7141","Curt Marks","5388-Larkin","West Hills","California","CA","37093","Curt.Marks@lisandro.ca","404-895-1183","Male","545-40-8783","High School or Below","Unemployed","Single"
"110569","49160","NO","Private Renting","11","12","2","1029","1","7132","Xavier Bogan","2222-W Main St","Modesto","California","CA","36975","Xavier.Bogan@hayden.biz","912-313-6557","Male","584-68-8280","High School or Below","Unemployed","Single"
"100288","44956","YES","Owner Occupier","21","21","2","806","1","8150","Gayler Crosetti","1799 Marlow Road","Santa Rosa","California","CA","95401","gcrosetti2a@1und1.de","516-164-2822","Male","857-36-6854","College","Unemployed","Married"
"100310","43972","NO","Private Renting","0","13","1","340","1","7410","Zuzana Dory","2 Ritz Carlton Drive","Dana Point","California","CA","92629","zdoryb4@bing.com","805-143-7916","Female","400-24-1226","High School or Below","Unemployed","Married"
"100338","45813","YES","Owner Occupier","10","13","1","59","0","7385","Joellyn Pilgram","1437 E. Gage Avenue","Los Angeles","California","CA","90001","jpilgram8z@wunderground.com","952-963-8176","Female","521-13-0320","High School or Below","Employed","Married"
"100354","57718","NO","Owner Occupier","25","16","2","1555","1","6285","Kelvin Boyland","2027 Camden Ave.","San Jose","California","CA","95124","kboylandfo@trellian.com","202-973-5461","Male","305-41-9185","Bachelor","Employed","Married"
"100381","53115","NO","Owner Occupier","12","1","2","674","0","10455","Rebe Sicely","1410 East Roseville Parkway","Roseville","California","CA","95661","rsicely79@dell.com","480-949-5817","Female","842-77-3741","High School or Below","Employed","Married"
"100389","59036","NO","Owner Occupier","7","6","1","495","1","8915","Griff Ping","17308 Ventura Blvd.","Encino","California","CA","91316","gpingqq@shop-pro.jp","432-175-5363","Male","586-24-6396","Bachelor","Unemployed","Married"
"100390","53559","NO","Owner Occupier","7","19","2","2646","0","10105","Essy Kollach","15600 Hesperian Boulevard","San Lorenzo","California","CA","94580","ekollachgg@wunderground.com","847-682-1704","Female","845-87-8528","High School or Below","Employed","Married"
"100423","49007","YES","Living with parents/guardian","14","18","1","13360","0","24375","Osmond Dunn","15175 Whittier Blvd.","Whittier","California","CA","90602","odunndz@foxnews.com","805-622-4620","Male","789-62-0613","High School or Below","Medical Leave","Married"
"100465","44048","YES","Owner Occupier","0","6","1","222","0","10155","Martainn Blackledge","208 LAKEWOOD CENTER MALL","Lakewood","California","CA","90712","mblackledgei2@ted.com","808-665-3825","Male","690-41-9537","High School or Below","Disabled","Married"
"100537","45081","YES","Owner Occupier","14","15","2","713","1","8430","Rosa Pays","222 North El Dorado Street","Stockton","California","CA","95202","rpaysp8@homestead.com","865-749-5448","Female","419-84-5922","Bachelor","Employed","Married"
"100562","45103","YES","Owner Occupier","21","14","1","2327","1","5575","Penny Duckhouse","16610 Valley View Avenue","La Mirada","California","CA","90638","pduckhousemo@meetup.com","504-829-6512","Female","546-65-3598","Bachelor","Disabled","Married"
"100568","55752","NO","Owner Occupier","5","11","2","2048","1","6685","Emelda Gladdolph","17272 Saticoy Street","Van Nuys","California","CA","91406","egladdolphqj@sciencedirect.com","612-846-8892","Female","338-30-7728","Master","Unemployed","Married"
"100586","44378","NO","Private Renting","9","18","2","306","0","7445","Domingo Klimontovich","1064 Emerald Bay Road","South Lake Tahoe","California","CA","96150","dklimontovichbd@bizjournals.com","408-515-8863","Male","300-19-3471","High School or Below","Unemployed","Married"
"100593","50445","NO","Public Housing","10","8","1","237","1","9310","Rivi Toffanini","201 Spear Street","San Francisco","California","CA","94105","rtoffaniniea@abc.net.au","405-795-2316","Female","728-26-2984","Bachelor","Retired","Divorced"
"100670","56470","NO","Private Renting","31","15","2","390","0","7055","Iolanthe Stonestreet","16222 Nordhoff Street","North Hills","California","CA","91343","istonestreetki@hostgator.com","786-537-7205","Female","457-12-7639","Doctor","Disabled","Divorced"
"100676","44597","NO","Owner Occupier","10","12","2","468","0","8630","Any Errington","1031 Helen Power Drive","Vacaville","California","CA","95687","aerrington8z@spiegel.de","727-101-8643","Male","799-48-1067","College","Unemployed","Single"
"100702","59201","NO","Owner Occupier","12","25","1","12164","0","14795","Buck Huc","2250  Monument Blvd","Concord","California","CA","94520","bhucql@cyberchimps.com","954-428-4007","Male","142-59-4399","Bachelor","Unemployed","Single"
"100753","53550","YES","Public Housing","11","23","1","544","1","7260","Prent Colliver","1800-19th Street","Sacramento","California","CA","95814","pcolliver2l@cargocollective.com","209-614-6717","Male","708-07-6498","High School or Below","Employed","Married"
"100764","44787","NO","Owner Occupier","9","4","2","982","0","8175","Kandy Hanburry","100 River Rd","Tahoe City","California","CA","96145","khanburry2z@amazon.co.jp","937-314-3835","Female","591-81-1842","High School or Below","Unemployed","Married"
"100766","57376","NO","Private Renting","21","27","2","684","1","9845","Shelley Shilstone","17539 Vierra Canyon","Anderson","California","CA","96007","sshilstonei@comcast.net","336-903-9635","Male","677-87-3788","College","Employed","Married"
"100795","53842","NO","Owner Occupier","25","13","2","3115","0","6150","Keene Hickisson","1 Eastridge Mall","San Jose","California","CA","95122","khickissonf@umn.edu","540-242-6554","Male","432-81-5119","Bachelor","Employed","Married"
"101320","44483","YES","Owner Occupier","16","15","2","116","0","7535","Sterne Patkin","2195 E. Shaw Ave","Clovis","California","CA","93611","spatkinn8@usda.gov","702-303-6581","Male","581-09-2653","Master","Unemployed","Single"
"101324","51383","YES","Owner Occupier","19","12","2","1119","1","7955","Florence Grimm","15970 Los Serranos Ctry Club Drive","Chino Hills","California","CA","91709","fgrimmhp@cisco.com","512-872-3097","Female","297-81-4188","Master","Employed","Divorced"
"101468","45970","YES","Owner Occupier","11","7","1","579","0","9280","Galven McReynold","201 World Way","Los Angeles","California","CA","90045","gmcreynolded@rediff.com","202-284-1281","Male","516-92-8815","High School or Below","Unemployed","Married"
"101505","45153","YES","Owner Occupier","2","13","2","804","1","8900","Cynthy Kleingrub","201 3rd St.","San Francisco","California","CA","94103","ckleingrubdv@vimeo.com","203-813-8815","Female","336-88-6111","Bachelor","Unemployed","Single"
"101549","44460","NO","Owner Occupier","4","16","1","3467","1","9290","Dalia Butrimovich","105 B Post Office Drive","Aptos","California","CA","95033","dbutrimovicha6@abc.net.au","254-559-8164","Female","233-44-0857","College","Employed","Single"
"101578","45750","NO","Public Housing","13","13","1","1930","1","11355","Bernelle Ionn","1075 Vine Street","Healdsburg","California","CA","95448","bionnca@51.la","716-360-9419","Female","637-21-9943","College","Unemployed","Married"
"101626","52887","NO","Public Housing","10","9","2","1339","0","8560","Archaimbaud Fidilis","1071 Alameda De Las Pulgas","Belmont","California","CA","94002","afidilisc0@si.edu","260-793-7763","Male","467-23-3713","College","Employed","Married"
"101716","45217","YES","Owner Occupier","17","8","2","445","1","11455","Genevieve Hodgon","1419 S. Broadway Street","Santa Maria","California","CA","93455","ghodgon7p@kickstarter.com","903-165-5313","Female","530-28-2470","High School or Below","Unemployed","Single"
"101756","59944","NO","Owner Occupier","20","11","2","3894","0","9880","Darill Grayland","2020 Market St.","San Francisco","California","CA","94114","dgraylandf6@weather.com","910-518-4100","Male","423-33-0174","Bachelor","Employed","Married"
"101789","43151","YES","Private Renting","6","9","1","681","1","7290","Barnie MacGinlay","20516 Devonshire Street","Chatsworth","California","CA","91311","bmacginlayh3@sciencedirect.com","830-358-3676","Male","229-36-8528","College","Employed","Married"
"110002","48736","YES","Owner Occupier","12","12","2","1571","1","8487","Ima Labadie","5889-Memorial Drive","Stockton","California","CA","53602","Ima.Labadie@allie.tv","505-339-5197","Female","419-84-5923","Bachelor","Employed","Married"
"110013","48744","YES","Owner Occupier","12","12","2","1561","1","8461","Alexandro Willms","670-Russell St","Woodland Hills","California","CA","53280","Alexandro.Willms@geo.name","802-761-2991","Male","412-27-1909","Master","Disabled","Divorced"
"110026","48754","YES","Living with parents/guardian","12","12","2","1548","1","8430","Jonatan Frami","2883-Main St","La Mirada","California","CA","52899","Jonatan.Frami@bridie.ca","715-506-5772","Female","546-65-3599","Bachelor","Disabled","Married"
"110048","48770","YES","Public Housing","12","12","2","1527","1","8377","Delta Armstrong","1762-Grant Avenue","San Francisco","California","CA","52253","Delta.Armstrong@kaelyn.net","928-241-0829","Male","336-88-6112","Bachelor","Unemployed","Single"
"110055","48775","YES","Private Renting","12","12","2","1520","1","8360","Jordi Jast","4544-8 East Ave","Chatsworth","California","CA","52048","Jordi.Jast@efrain.net","319-210-7553","Male","229-36-8529","College","Employed","Married"
"110068","48785","YES","Owner Occupier","12","12","2","1508","1","8329","Daryl O'Hara","3408-0 Route 9","Carson","California","CA","51667","Daryl.O'Hara@rodolfo.tv","315-226-0568","Male","404-89-9136","Bachelor","Employed","Married"
"110077","48792","YES","Owner Occupier","12","12","2","1499","1","8308","Delmer Goldner","3716-0 Southwestern Blvd","Rancho Cucamonga","California","CA","51403","Delmer.Goldner@candido.com","773-517-7291","Female","345-83-3488","Bachelor","Unemployed","Single"
"110099","48808","YES","Owner Occupier","12","12","2","1478","1","8255","Cordie Crist","5758-5 Commercial Drive","Sacramento","California","CA","50758","Cordie.Crist@nolan.us","310-810-4117","Male","708-07-6499","High School or Below","Employed","Married"
"110109","48816","YES","Owner Occupier","12","12","2","1469","1","8231","Neal Hintz","6048-Boston Post Road","San Leandro","California","CA","50465","Neal.Hintz@junius.me","609-236-9524","Female","291-48-5652","College","Employed","Married"
"110110","48816","YES","Living with parents/guardian","12","12","2","1468","1","8229","Zachariah Powlowski","2356-0 Dixwell Ave","Los Angeles","California","CA","50435","Zachariah.Powlowski@yoshiko.us","803-447-5720","Male","521-13-0321","High School or Below","Employed","Married"
"110114","48819","YES","Owner Occupier","12","12","2","1464","1","8219","Norris Connelly","1969-5 Boston Post Road","Chino Hills","California","CA","50318","Norris.Connelly@enrico.co.uk","906-647-6741","Male","297-81-4189","Master","Employed","Divorced"
"110125","48828","YES","Public Housing","12","12","2","1454","1","8193","Johnathan Hills","1635-Town Line Rd","Santa Maria","California","CA","49995","Johnathan.Hills@hans.biz","314-753-4945","Male","530-28-2471","High School or Below","Unemployed","Single"
"110130","48831","YES","Living with parents/guardian","12","12","2","1449","1","8181","Audie Ratke","431-No Colony Road","Studio City","California","CA","49849","Audie.Ratke@tyree.info","908-735-4554","Male","107-80-3500","Doctor","Employed","Single"
"110150","48846","NO","Private Renting","12","12","2","1430","1","8133","Effie Howell","3825-75 Hwy 5","Modesto","California","CA","49262","Effie.Howell@noemie.co.uk","309-321-9829","Male","584-68-8279","High School or Below","Unemployed","Single"
"110161","48855","NO","Private Renting","12","12","2","1419","1","8107","Ervin Monahan","1901-0 South Oates Street","Huntington Beach","California","CA","48940","Ervin.Monahan@miracle.io","818-493-3826","Female","409-67-9194","Bachelor","Unemployed","Divorced"
"110169","48861","NO","Living with parents/guardian","12","12","2","1411","1","8088","Jennyfer Kulas","4737-0 South Mckenzie St","San Jose","California","CA","48705","Jennyfer.Kulas@noah.tv","630-987-3639","Female","477-05-7133","Master","Unemployed","Married"
"110192","48878","NO","Owner Occupier","12","12","2","1389","1","8033","Braeden Jacobi","5526-1 Whitfield Ave","Sacramento","California","CA","48031","Braeden.Jacobi@ned.info","614-304-2449","Female","855-52-6125","Bachelor","Employed","Married"
"110202","48885","NO","Private Renting","12","12","2","1380","1","8009","Zoey Zulauf","6105-10 Chantilly Pkwy","San Jose","California","CA","47737","Zoey.Zulauf@mariah.ca","425-652-8834","Female","432-81-5120","Bachelor","Employed","Married"
"110208","48890","NO","Owner Occupier","12","12","2","1374","1","7995","Winona Lesch","5854-0 Mcfarland Blvd","San Lorenzo","California","CA","47562","Winona.Lesch@keara.io","954-326-0658","Female","845-87-8529","High School or Below","Employed","Married"
"110211","48892","NO","Private Renting","12","12","2","1371","1","7987","Malika Carroll","2000-Plaza Lane","Van Nuys","California","CA","47474","Malika.Carroll@malcolm.biz","813-431-9131","Male","338-30-7729","Master","Unemployed","Married"
"110213","48893","NO","Public Housing","12","12","2","1369","1","7983","Flossie Towne","3283-1 Pelham Pkwy","Roseville","California","CA","47415","Flossie.Towne@turner.us","918-333-3213","Female","842-77-3742","High School or Below","Employed","Married"
"110226","48903","NO","Owner Occupier","12","12","2","1357","1","7952","Bennett Funk","3792-Haynes Street","Burbank","California","CA","47034","Bennett.Funk@jannie.tv","281-882-4454","Female","358-73-4529","College","Employed","Divorced"
"110235","48910","NO","Private Renting","12","12","2","1348","1","7930","Carmine Durgan","1053-Brockton Avenue","Alhambra","California","CA","46770","Carmine.Durgan@ruthe.net","616-477-3448","Male","582-53-9447","High School or Below","Employed","Single"
"110244","48917","NO","Sheltered","12","12","2","1340","1","7909","Delores Stehr","4098-William S Canning Blvd","Orinda","California","CA","46506","Delores.Stehr@tate.io","317-845-7579","Female","138-55-3771","Master","Unemployed","Single"
"110246","48918","NO","Private Renting","12","12","2","1338","1","7904","Brigitte Cronin","227-Timpany Blvd","Concord","California","CA","46447","Brigitte.Cronin@mya.tv","703-318-4197","Male","142-59-4400","Bachelor","Unemployed","Single"
"110266","48933","NO","Private Renting","12","12","2","1319","1","7856","Landen Lindgren","6713-Falls Blvd","Goleta","California","CA","45861","Landen.Lindgren@ara.io","940-482-4445","Male","538-40-0911","Bachelor","Unemployed","Married"
"110275","48940","NO","Living with parents/guardian","12","12","2","1310","1","7834","Gus Fisher","1640-Palmer Road","Orinda","California","CA","45597","Gus.Fisher@flossie.org","940-997-5783","Female","693-13-5803","Bachelor","Employed","Single"
"110314","48969","NO","Owner Occupier","12","12","2","1273","1","7741","Ola Deckow","853-0 County Rd 64","San Francisco","California","CA","44453","Ola.Deckow@blaise.name","630-283-2680","Male","728-26-2985","Bachelor","Retired","Divorced"
"110323","48976","NO","Public Housing","11","12","2","1264","1","7720","Cordell Stehr","1442-5 State Rt 12 S","San Francisco","California","CA","44189","Cordell.Stehr@kennith.biz","978-649-1167","Female","682-34-1253","High School or Below","Employed","Married"
"110332","48982","NO","Public Housing","11","12","2","1256","1","7698","Werner Quitzon","6356-Anawana Lake Road","Fontana","California","CA","43925","Werner.Quitzon@brandt.biz","407-207-0764","Male","824-89-7374","Doctor","Employed","Single"
"110338","48987","NO","Owner Occupier","11","12","2","1250","1","7684","Ford Ritchie","3982-Berlin Road","Belmont","California","CA","43749","Ford.Ritchie@zander.co.uk","714-400-7434","Female","467-23-3714","College","Employed","Married"
"110347","48994","NO","Private Renting","11","12","2","1241","1","7662","Hillary Murphy","4356-Buckland Hills Dr","North Hills","California","CA","43485","Hillary.Murphy@dion.ca","937-255-8773","Female","457-12-7640","Doctor","Disabled","Divorced"
"110349","48995","NO","Owner Occupier","11","12","2","1239","1","7658","Roosevelt Walter","4907-0 New Haven Road","Freedom","California","CA","43427","Roosevelt.Walter@sibyl.biz","650-470-6753","Female","718-67-9189","College","Employed","Married"
"110367","49009","NO","Public Housing","11","12","2","1222","1","7615","Kennedi Nitzsche","1807-Sawmill Road","Yorba Linda","California","CA","42899","Kennedi.Nitzsche@olin.us","401-429-5507","Female","422-86-6889","Bachelor","Employed","Married"
"110370","49011","NO","Private Renting","11","12","2","1219","1","7607","Roosevelt Bergstrom","5057-3 Hwy 280 West","Huntington Beach","California","CA","42811","Roosevelt.Bergstrom@misty.us","828-477-5142","Male","379-76-3654","Bachelor","Medical Leave","Divorced"
"110396","49030","NO","Private Renting","11","12","2","1194","1","7545","Maegan Wiza","1406-0 Montgomery Hwy","Dana Point","California","CA","42049","Maegan.Wiza@candice.ca","201-566-0883","Male","400-24-1227","High School or Below","Unemployed","Married"
"110398","49032","NO","Private Renting","11","12","2","1193","1","7540","Sydnee Farrell","4338-6 South Eufaula Avenue","South Lake Tahoe","California","CA","41990","Sydnee.Farrell@mabelle.io","559-534-4188","Female","300-19-3472","High School or Below","Unemployed","Married"
"110414","49044","NO","Public Housing","11","12","2","1177","1","7502","Marion Treutel","30-Lakeshore Parkway","Newport","California","CA","41521","Marion.Treutel@pete.org","757-843-9714","Male","791-45-8046","College","Medical Leave","Single"
"110416","49045","NO","Private Renting","11","12","2","1175","1","7497","Julian White","4384-5 Hwy 280 South","Costa Mesa","California","CA","41462","Julian.White@janelle.biz","509-972-8135","Female","199-59-6518","Master","Employed","Married"
"110421","49049","YES","Owner Occupier","11","12","2","1171","1","7485","Charles Legros","1140-Sutton Rd","Stockton","California","CA","41315","Charles.Legros@noemy.ca","407-334-9703","Female","419-84-5924","Bachelor","Employed","Married"
"110429","49055","YES","Owner Occupier","11","12","2","1163","1","7466","Juwan Mertz","4662-0 S University Blvd","Whittier","California","CA","41081","Juwan.Mertz@ashlynn.biz","215-355-3946","Male","789-62-0615","High School or Below","Medical Leave","Married"
"110432","49057","YES","Owner Occupier","11","12","2","1160","1","7459","Maximillian Rath","3558-0 Dawes Road","Woodland Hills","California","CA","40993","Maximillian.Rath@roxanne.tv","336-965-1742","Male","412-27-1910","Master","Disabled","Divorced"
"110445","49067","YES","Living with parents/guardian","11","12","2","1148","1","7428","Oswald Harvey","2108-Plaza Lane","La Mirada","California","CA","40612","Oswald.Harvey@sonny.io","832-467-3091","Male","546-65-3600","Bachelor","Disabled","Married"
"110467","49083","YES","Public Housing","11","12","2","1127","1","7376","Leanna Schmeler","5728-8 Us Hwy 231","San Francisco","California","CA","39967","Leanna.Schmeler@tess.me","715-393-6718","Male","336-88-6113","Bachelor","Unemployed","Single"
"110469","49085","YES","Owner Occupier","11","12","2","1125","1","7371","Hershel Beer","6500-Brockton Avenue","San Diego","California","CA","39908","Hershel.Beer@willa.org","856-655-1234","Female","278-43-6939","College","Unemployed","Single"
"110474","49089","YES","Private Renting","11","12","2","1120","1","7359","Kariane Baumbach","5291-Memorial Dr","Chatsworth","California","CA","39761","Kariane.Baumbach@lexie.ca","701-345-8704","Male","229-36-8530","College","Employed","Married"
"110487","49098","YES","Owner Occupier","11","12","2","1107","1","7328","Justyn Hessel","5040-Massachusetts Ave","Carson","California","CA","39380","Justyn.Hessel@assunta.co.uk","620-951-5851","Male","404-89-9137","Bachelor","Employed","Married"
"110496","49105","YES","Owner Occupier","11","12","2","1099","1","7306","Bertram Batz","6903-North King Street","Rancho Cucamonga","California","CA","39116","Bertram.Batz@orville.me","848-250-6689","Female","345-83-3489","Bachelor","Unemployed","Single"
"110504","49111","YES","Private Renting","11","12","2","1091","1","7287","Mariane Rolfson","6450-5 Boston Road","Los Angeles","California","CA","38882","Mariane.Rolfson@pascale.tv","773-419-9458","Female","516-92-8817","High School or Below","Unemployed","Married"
"110506","49113","YES","Public Housing","11","12","2","1089","1","7282","Amy Turcotte","4015-Swansea Mall Dr","San Jose","California","CA","38823","Amy.Turcotte@barton.com","920-321-5251","Female","270-91-6843","College","Employed","Married"
"110515","49119","YES","Owner Occupier","11","12","2","1081","1","7261","Gilbert Bashirian","1547-Sanford Farm Shpg Center","Newport Beach","California","CA","38559","Gilbert.Bashirian@nathan.tv","617-241-6205","Male","498-76-5492","Bachelor","Employed","Single"
"110528","49129","YES","Owner Occupier","11","12","2","1068","1","7230","Bobbie Okuneva","205-Merchant Place","San Leandro","California","CA","38178","Bobbie.Okuneva@audrey.info","508-576-3261","Female","291-48-5653","College","Employed","Married"
"110533","49133","YES","Owner Occupier","11","12","2","1063","1","7218","Ansley Bogisich","2735-8 Basile Rowe","Chino Hills","California","CA","38031","Ansley.Bogisich@grady.io","212-851-7140","Female","297-81-4190","Master","Employed","Divorced"
"110544","49141","YES","Public Housing","11","12","2","1053","1","7192","Reagan Hoeger","6735-9 Rt 9","Santa Maria","California","CA","37709","Reagan.Hoeger@kirstin.biz","914-292-5840","Female","530-28-2472","High School or Below","Unemployed","Single"
"110580","49168","NO","Private Renting","11","12","2","1019","1","7105","Myrtie Dickens","2544-River Rd","Huntington Beach","California","CA","36653","Myrtie.Dickens@isaac.biz","507-289-0652","Male","409-67-9195","Bachelor","Unemployed","Divorced"
