{"description":"Business Intelligence Report Query","fields":[],"external_asset_preview":{},"relationships":[],"properties":{"transformation_expression":{"type":"string","description":"Transformation expression of BI Report Query"},"transformation_tag":{"type":"string","description":"Transformation tag of BI Report Query"},"visualization_hyperlink":{"type":"string","description":"An external link to visually explore lineage information"}},"localized_metadata_attributes":{"name":{"default":"BI Report Query","en":"BI Report Query"}},"global_search_searchable":[],"attribute_only":false,"version":1,"name":"bi_report_query","scope":"PROJECT","is_column_custom_attribute":false,"allow_decorators":true}
