{"metadata":{"asset_id":"59165e48-e09e-42a1-8236-bbb6e199d86e","asset_type":"connection","asset_category":"USER","create_time":"2022-11-02T14:46:22.000Z","creator_id":"IBMid-1100005S9W","project_id":"8203d4e0-3d3d-4a4d-aebe-2c5f98c3a100","usage":{"last_access_time":"2022-11-02T14:46:22.638Z","last_accessor_id":"iam-ServiceId-f49c5558-c247-4983-a04f-7d3c7a3d55da","access_count":0}},"entity":{"datasource_type":"c6fb9293-51eb-4f2b-b20c-4dafa3136744","description":"","name":"Data Fabric Trial - MongoDB","origin_country":"us","owner_id":"IBMid-1100005S9W","rov":{"mode":0},"properties":{"database":"DOCUMENT","password":"11101961cal","port":"30623","host":"f8af5a63-e4d1-44e6-b92c-da4e1d3a6e7d-0.0135ec03d5bf43b196433793c98e8bd5.databases.appdomain.cloud","ssl":"true","username":"cpdemo"},"interaction_properties":{"source":[{"name":"_java._heap_size","type":"integer","label":"Heap size","description":"Specify the maximum Java Virtual Machine heap size in megabytes.","required":false,"masked":false,"hidden":false,"readonly":false,"uiOnly":false,"multiline":false,"multichoice":false,"default_value":"256","displayGroup":"other","displayOrdinal":2147483647,"supported_products":["datastage_scapi"],"user_defined":false},{"name":"byte_limit","type":"string","label":"Byte limit","description":"The maximum number of bytes to return. Use any of these suffixes; KB, MB, GB, or TB","placeholder":"100MB","required":false,"masked":false,"hidden":false,"readonly":false,"uiOnly":false,"multiline":false,"multichoice":false,"displayGroup":"limitsSource","displayOrdinal":20,"user_defined":false},{"name":"push_filters","type":"string","label":"Push filters","description":"Filters as Spark SQL to be pushed to the data source","required":false,"masked":false,"hidden":true,"readonly":false,"uiOnly":false,"multiline":false,"multichoice":false,"displayGroup":"other","displayOrdinal":2147483647,"user_defined":false},{"name":"pushed_filters","type":"string","label":"Pushed filters","description":"Inferred property that returns filters as Spark SQL that were pushed to the data source","required":false,"masked":false,"hidden":true,"readonly":false,"uiOnly":false,"multiline":false,"multichoice":false,"displayGroup":"other","displayOrdinal":2147483647,"user_defined":false},{"name":"rcp","type":"boolean","label":"Infer schema","description":"Obtain the schema from the data source","required":false,"masked":false,"hidden":true,"readonly":false,"uiOnly":false,"multiline":false,"multichoice":false,"default_value":"true","displayGroup":"other","displayOrdinal":2147483647,"user_defined":false},{"name":"read_mode","type":"enum","label":"Read method","description":"The method for reading records from the table","required":false,"masked":false,"hidden":false,"readonly":false,"uiOnly":false,"multiline":false,"multichoice":false,"default_value":"general","values":[{"value":"general","label":"General"},{"value":"select","label":"Select statement"}],"displayGroup":"generalSource","displayOrdinal":5,"user_defined":false},{"name":"rejected_filters","type":"string","label":"Rejected filters","description":"Inferred property that returns filters as Spark SQL that could not be pushed to the data source and still need to be evaluated","required":false,"masked":false,"hidden":true,"readonly":false,"uiOnly":false,"multiline":false,"multichoice":false,"displayGroup":"other","displayOrdinal":2147483647,"user_defined":false},{"name":"row_limit","type":"integer","label":"Row limit","description":"The maximum number of rows to return","placeholder":"1000","required":false,"masked":false,"hidden":false,"readonly":false,"uiOnly":false,"multiline":false,"multichoice":false,"displayGroup":"limitsSource","displayOrdinal":10,"user_defined":false},{"name":"schema_name","type":"string","label":"Schema name","description":"The name of the schema that contains the table to read from","required":false,"masked":false,"hidden":false,"readonly":false,"uiOnly":false,"multiline":false,"multichoice":false,"displayGroup":"generalSource","displayOrdinal":50,"user_defined":false},{"name":"select_statement","type":"string","label":"Select statement","description":"The SQL SELECT statement for retrieving data from the table","required":true,"masked":false,"hidden":false,"readonly":false,"uiOnly":false,"multiline":true,"multichoice":false,"displayGroup":"sqlSource","displayOrdinal":50,"user_defined":false},{"name":"table_name","type":"string","label":"Table name","description":"The name of the table to read from","required":true,"masked":false,"hidden":false,"readonly":false,"uiOnly":false,"multiline":false,"multichoice":false,"displayGroup":"generalSource","displayOrdinal":70,"user_defined":false}],"target":[{"name":"_java._heap_size","type":"integer","label":"Heap size","description":"Specify the maximum Java Virtual Machine heap size in megabytes.","required":false,"masked":false,"hidden":false,"readonly":false,"uiOnly":false,"multiline":false,"multichoice":false,"default_value":"256","displayGroup":"other","displayOrdinal":2147483647,"supported_products":["datastage_scapi"],"user_defined":false},{"name":"batch_size","type":"integer","label":"Batch size","description":"Number of records to be included in each batch","required":false,"masked":false,"hidden":false,"readonly":false,"uiOnly":false,"multiline":false,"multichoice":false,"default_value":"2000","displayGroup":"other","displayOrdinal":2147483647,"supported_products":["datastage_scapi"],"user_defined":false},{"name":"key_column_names","type":"string","label":"Key column names","description":"A comma separated list of column names to override the primary key used during an update or merge","required":false,"masked":false,"hidden":false,"readonly":false,"uiOnly":false,"multiline":false,"multichoice":false,"displayGroup":"generalTarget","displayOrdinal":60,"user_defined":false},{"name":"schema_name","type":"string","label":"Schema name","description":"The name of the schema that contains the table to write to","required":false,"masked":false,"hidden":false,"readonly":false,"uiOnly":false,"multiline":false,"multichoice":false,"displayGroup":"generalTarget","displayOrdinal":30,"user_defined":false},{"name":"static_statement","type":"string","label":"Static statement","description":"The SQL used for setup operations, for example a CREATE statement","required":true,"masked":false,"hidden":false,"readonly":false,"uiOnly":false,"multiline":true,"multichoice":false,"displayGroup":"sqlTarget","displayOrdinal":20,"user_defined":false},{"name":"table_action","type":"enum","label":"Table action","description":"The action to take on the target table to handle the new data set","required":false,"masked":false,"hidden":false,"readonly":false,"uiOnly":false,"multiline":false,"multichoice":false,"default_value":"append","values":[{"value":"append","label":"Append"}],"displayGroup":"generalTarget","displayOrdinal":50,"user_defined":false},{"name":"table_name","type":"string","label":"Table name","description":"The name of the table to write to","required":false,"masked":false,"hidden":false,"readonly":false,"uiOnly":false,"multiline":false,"multichoice":false,"displayGroup":"generalTarget","displayOrdinal":40,"user_defined":false},{"name":"update_statement","type":"string","label":"Update statement","description":"The SQL INSERT, UPDATE, MERGE, or DELETE statement for updating data in the table.","required":false,"masked":false,"hidden":false,"readonly":false,"uiOnly":false,"multiline":true,"multichoice":false,"displayGroup":"sqlTarget","displayOrdinal":10,"user_defined":false},{"name":"write_mode","type":"enum","label":"Write mode","description":"The mode for writing records to the target table","required":false,"masked":false,"hidden":false,"readonly":false,"uiOnly":false,"multiline":false,"multichoice":false,"default_value":"insert","values":[{"value":"insert","label":"Insert"},{"value":"static_statement","label":"Static statement","supported_products":["catalog","cpd","dv","dvaas_ga","igc","mdi","ml","studio"]},{"value":"update","label":"Update"},{"value":"update_statement","label":"Update statement","supported_products":["catalog","cpd","datastage","datastage_scapi","dv","dvaas_ga","igc","mdi","ml","studio"]},{"value":"update_statement_table_action","label":"Update statement with table action","supported_products":["catalog","cpd","datastage","datastage_scapi","dv","dvaas_ga","igc","mdi","ml","studio"]}],"displayGroup":"generalTarget","displayOrdinal":10,"user_defined":false}]}}}
