{"metadata":{"asset_id":"df1521ab-6c78-423a-9b6d-75b37ef90242","asset_attributes":["data_asset"],"name":"MORTGAGE_INTEREST_RATES.CSV","asset_type":"data_asset","created_at":"2022-11-02T14:54:48Z","origin_country":"us","owner_id":"iam-ServiceId-5d1a0d07-d352-440c-8fb7-a6390459ecf5","project_id":"8203d4e0-3d3d-4a4d-aebe-2c5f98c3a100","size":42068,"usage":{"last_update_time":1667400888933,"last_updated_at":"2022-11-02T14:54:48Z"}},"entity":{"data_asset":{"mime_type":"text/csv","dataset":true,"properties":[{"name":"type","value":"Sequential File"}]},"location_definition":{"physical_location_code_assignment_method":"INFERRED","physical_location_code":"DAL","physical_location_code_assigned_by":"IBMid-1100005S9W","physical_location_code_added_on":"1667400310644","physical_location_code_rds_version":"00002022-0525-4104-8051-285931000000_2","physical_location_code_rds_id":"c57cb90f-2126-3800-9c9f-9eab82021cdf"}},"attachments":[{"id":"9488ceba-f392-4608-8576-1feccfca10ab","version":2,"asset_type":"data_asset","name":"MORTGAGE_INTEREST_RATES.CSV","mime":"text/csv","datasource_type":"193a97c1-4475-4a19-b90c-295c4fdc6517","object_key":"DataStage/files/MORTGAGE_INTEREST_RATES.CSV","creator_id":"iam-ServiceId-5d1a0d07-d352-440c-8fb7-a6390459ecf5","create_time":1667400889258,"size":42068,"is_remote":false,"is_managed":false,"is_referenced":true,"is_object_key_read_only":true,"is_user_provided_path_key":true,"transfer_complete":true,"is_partitioned":false,"complete_time_ticks":1667400889258,"user_data":{},"test_doc":0,"handle":{"bucket":"datastageanddatabandintegration-donotdelete-pr-mdgoxalveerdhm","location":"us-geo","type":"bluemix_cos","key":"DataStage/files/MORTGAGE_INTEREST_RATES.CSV","upload_id":"done","max_part_num":1},"usage":{"access_count":0,"last_accessor_id":"iam-ServiceId-5d1a0d07-d352-440c-8fb7-a6390459ecf5","last_access_time":1667400889258}}]}
