[{"metadata":{"asset_id":"a79ca064-2241-4848-8fa1-eeff1b9cfbf7","asset_type":"data_intg_flow","catalog_id":"5c2b81dd-36f8-44fa-b2ac-fd78cda08b0e","create_time":"2022-11-02T14:46:23.000Z","creator_id":"IBMid-1100005S9W","name":"Multicloud Data Integration","origin_country":"us","size":43135,"project_id":"8203d4e0-3d3d-4a4d-aebe-2c5f98c3a100","resource_key":"8203d4e0-3d3d-4a4d-aebe-2c5f98c3a100/data_intg_flow/Multicloud Data Integration","usage":{"last_access_time":"2022-11-02T14:55:48.487Z","last_accessor_id":"IBMid-1100005S9W","access_count":0}},"entity":{"data_intg_flow":{"mime_type":"application/json","dataset":false}},"attachments":[{"test_doc":0,"object_key":"data_intg_flow/8203d4e0-3d3d-4a4d-aebe-2c5f98c3a100a79ca064-2241-4848-8fa1-eeff1b9cfbf7px_executables","create_time":1667400814404,"complete_time_ticks":1667400814404,"mime":"application/octet-stream","usage":{"access_count":0,"last_accessor_id":"IBMid-1100005S9W","last_access_time":1667400814404},"is_remote":false,"handle":{"bucket":"datastageanddatabandintegration-donotdelete-pr-mdgoxalveerdhm","max_part_num":1,"upload_id":"done","location":"us-geo","type":"bluemix_cos","key":"data_intg_flow/8203d4e0-3d3d-4a4d-aebe-2c5f98c3a100a79ca064-2241-4848-8fa1-eeff1b9cfbf7px_executables"},"is_user_provided_path_key":true,"user_data":{},"version":2,"size":2623,"is_partitioned":false,"datasource_type":"193a97c1-4475-4a19-b90c-295c4fdc6517","transfer_complete":true,"asset_type":"data_intg_flow","name":"px_executables","creator_id":"IBMid-1100005S9W","id":"876bfab8-cd25-4d0a-8e47-211cb33b8c38","is_referenced":true,"is_managed":false,"is_object_key_read_only":false},{"test_doc":0,"object_key":"data_intg_flow/8203d4e0-3d3d-4a4d-aebe-2c5f98c3a100a79ca064-2241-4848-8fa1-eeff1b9cfbf7","create_time":1667400948487,"complete_time_ticks":1667400948487,"mime":"application/json","usage":{"access_count":0,"last_accessor_id":"IBMid-1100005S9W","last_access_time":1667400948487},"is_remote":false,"handle":{"bucket":"datastageanddatabandintegration-donotdelete-pr-mdgoxalveerdhm","max_part_num":1,"upload_id":"done","location":"us-geo","type":"bluemix_cos","key":"data_intg_flow/8203d4e0-3d3d-4a4d-aebe-2c5f98c3a100a79ca064-2241-4848-8fa1-eeff1b9cfbf7"},"is_user_provided_path_key":true,"user_data":{},"version":2,"size":40512,"is_partitioned":false,"datasource_type":"193a97c1-4475-4a19-b90c-295c4fdc6517","transfer_complete":true,"asset_type":"data_intg_flow","name":"data_intg_flows","creator_id":"IBMid-1100005S9W","id":"2f6cca68-0112-448f-8cb9-4539c617bc0d","is_referenced":true,"is_managed":false,"is_object_key_read_only":false}]}]
