{"metadata":{"asset_id":"17f24b88-0c14-4318-b2b0-5a64ce2f70d8","asset_attributes":["job"],"name":"Multicloud Data Integration.DataStage job","asset_type":"job","created_at":"2022-11-02T14:53:36Z","origin_country":"us","owner_id":"IBMid-1100005S9W","project_id":"8203d4e0-3d3d-4a4d-aebe-2c5f98c3a100","size":0,"usage":{"last_update_time":1667400889674,"last_updated_at":"2022-11-02T14:54:49Z"}},"entity":{"job":{"asset_ref_type":"data_intg_flow","configuration":{"env_variables":[],"flow_limits":{"warn_limit":100},"job_parameters":[],"env_id":"default_datastage_px-8203d4e0-3d3d-4a4d-aebe-2c5f98c3a100","env_type":"datastage"},"last_run_initiator":"deprecated field","last_run_time":"deprecated field","last_run_status":"deprecated field","last_run_status_timestamp":0,"future_scheduled_runs":[],"enable_notifications":true,"project_name":"DataStage and Databand Integration","asset_ref":"a79ca064-2241-4848-8fa1-eeff1b9cfbf7","schedule_id":"","schedule_creator_id":"","data_assets_array":["DataStage/files/MORTGAGE_INTEREST_RATES.CSV=MORTGAGE_INTEREST_RATES.CSV=df1521ab-6c78-423a-9b6d-75b37ef90242"]}}}
